{
"start":["Style","Soft Serve","Hard Serve"],
    "Soft Serve":["Flavor","Vanilla","Chocolate","Swirl"],
        "Vanilla":["Topping","Rainbow Sprinkles","Chocolate Sprinkles","Coconut"],
        "Chocolate":["Size","Small","Large"],
        "Swirl":["Dip","Chocolate Shell","Butterscotch", "Peanut Butter"],
    "Hard Serve":["Cone or Cup","Sugar Cone","Waffle Cone","Cup"],
        "Sugar Cone":["Flavor", "Mint Chocolate Chip", "Moose Tracks", "Coffee"],
        "Waffle Cone":["Scoops","One","Two","Three"],
        "Cup":["Topping","Chocolate Syrup","Whipped Cream","Caramel"]
}