{
"start":["Item","Burger","Pizza"],
    "Burger":["Size","Small","Large","Meal"],
        "Small":["Sauce","Ketchup","BBQ","Mustard"],
        "Large":["Soda","Coke","Sprite","Sprite Zero","Root Beer","Fanta"],
            "Coke":["Type","Coca-Cola","Diet Coke","Coke Zero"],
        "Meal":["Side","Fries","Onion Rings", "Chips","Curly Fries"],
        "Pizza":["Crust","Thin","Stuffed"],
            "Thin":["Type","Cheese","Meat-Lovers","Supreme","Hawaiian"],
            "Stuffed":["Toppings","None","One","Two","Three","Four"],
                "Four":["Distributed","Half-And-Half","Evenly"]
}